timestamp,generation_kw
2025-06-24 08:00:00+00:00,1899240.0
2025-06-24 07:30:00+00:00,1503010.0
2025-06-24 07:00:00+00:00,1080000.0
2025-06-24 06:30:00+00:00,755341.0
2025-06-24 06:00:00+00:00,490773.0
2025-06-24 05:30:00+00:00,251269.0
2025-06-24 05:00:00+00:00,98381.3
2025-06-24 04:30:00+00:00,10224.6
2025-06-24 04:00:00+00:00,51.65
2025-06-24 03:30:00+00:00,0.0
2025-06-24 03:00:00+00:00,0.0
2025-06-24 02:30:00+00:00,0.0
2025-06-24 02:00:00+00:00,0.0
2025-06-24 01:30:00+00:00,0.0
2025-06-24 01:00:00+00:00,0.0
2025-06-24 00:30:00+00:00,0.0
2025-06-24 00:00:00+00:00,0.0
2025-06-23 23:30:00+00:00,0.0
2025-06-23 23:00:00+00:00,0.0
2025-06-23 22:30:00+00:00,0.0
2025-06-23 22:00:00+00:00,0.0
2025-06-23 21:30:00+00:00,0.0
2025-06-23 21:00:00+00:00,4.86
2025-06-23 20:30:00+00:00,29168.4
2025-06-23 20:00:00+00:00,247201.0
2025-06-23 19:30:00+00:00,679854.0
2025-06-23 19:00:00+00:00,1298600.0
2025-06-23 18:30:00+00:00,1982810.0
2025-06-23 18:00:00+00:00,2790400.0
2025-06-23 17:30:00+00:00,3668020.0
2025-06-23 17:00:00+00:00,4567990.0
2025-06-23 16:30:00+00:00,5504510.0
2025-06-23 16:00:00+00:00,6437230.0
2025-06-23 15:30:00+00:00,7313710.0
2025-06-23 15:00:00+00:00,8019210.0
2025-06-23 14:30:00+00:00,8637990.0
2025-06-23 14:00:00+00:00,9033440.0
2025-06-23 13:30:00+00:00,9386990.0
2025-06-23 13:00:00+00:00,9272710.0
2025-06-23 12:30:00+00:00,9400800.0
2025-06-23 12:00:00+00:00,9080260.0
2025-06-23 11:30:00+00:00,8636340.0
2025-06-23 11:00:00+00:00,8362130.0
2025-06-23 10:30:00+00:00,7770640.0
2025-06-23 10:00:00+00:00,7321960.0
2025-06-23 09:30:00+00:00,6881060.0
2025-06-23 09:00:00+00:00,6481800.0
2025-06-23 08:30:00+00:00,5799930.0
2025-06-23 08:00:00+00:00,4863320.0
2025-06-23 07:30:00+00:00,3989840.0
2025-06-23 07:00:00+00:00,3140040.0
2025-06-23 06:30:00+00:00,2321240.0
2025-06-23 06:00:00+00:00,1528420.0
2025-06-23 05:30:00+00:00,920057.0
2025-06-23 05:00:00+00:00,403604.0
2025-06-23 04:30:00+00:00,81692.8
2025-06-23 04:00:00+00:00,258.8
2025-06-23 03:30:00+00:00,0.0
2025-06-23 03:00:00+00:00,0.0
2025-06-23 02:30:00+00:00,0.0
2025-06-23 02:00:00+00:00,0.0
2025-06-23 01:30:00+00:00,0.0
2025-06-23 01:00:00+00:00,0.0
2025-06-23 00:30:00+00:00,0.0
2025-06-23 00:00:00+00:00,0.0
2025-06-22 23:30:00+00:00,0.0
2025-06-22 23:00:00+00:00,0.0
2025-06-22 22:30:00+00:00,0.0
2025-06-22 22:00:00+00:00,0.0
2025-06-22 21:30:00+00:00,0.0
2025-06-22 21:00:00+00:00,0.0
2025-06-22 20:30:00+00:00,9131.91
2025-06-22 20:00:00+00:00,112231.0
2025-06-22 19:30:00+00:00,348011.0
2025-06-22 19:00:00+00:00,731259.0
2025-06-22 18:30:00+00:00,1296610.0
2025-06-22 18:00:00+00:00,1931360.0
2025-06-22 17:30:00+00:00,2785670.0
2025-06-22 17:00:00+00:00,3475950.0
2025-06-22 16:30:00+00:00,4021710.0
2025-06-22 16:00:00+00:00,4658700.0
2025-06-22 15:30:00+00:00,5209060.0
2025-06-22 15:00:00+00:00,5484470.0
2025-06-22 14:30:00+00:00,5615060.0
2025-06-22 14:00:00+00:00,6443280.0
2025-06-22 13:30:00+00:00,6772760.0
2025-06-22 13:00:00+00:00,6766450.0
2025-06-22 12:30:00+00:00,7286820.0
2025-06-22 12:00:00+00:00,7970700.0
2025-06-22 11:30:00+00:00,8122400.0
2025-06-22 11:00:00+00:00,8299260.0
2025-06-22 10:30:00+00:00,8347740.0
2025-06-22 10:00:00+00:00,8166490.0
2025-06-22 09:30:00+00:00,7195770.0
2025-06-22 09:00:00+00:00,6289780.0
2025-06-22 08:30:00+00:00,5631630.0
2025-06-22 08:00:00+00:00,5020740.0
2025-06-22 07:30:00+00:00,4092640.0
2025-06-22 07:00:00+00:00,3064220.0
2025-06-22 06:30:00+00:00,2355070.0
2025-06-22 06:00:00+00:00,1540030.0
2025-06-22 05:30:00+00:00,884860.0
2025-06-22 05:00:00+00:00,328601.0
2025-06-22 04:30:00+00:00,49811.5
2025-06-22 04:00:00+00:00,11.3
2025-06-22 03:30:00+00:00,0.0
2025-06-22 03:00:00+00:00,0.0
2025-06-22 02:30:00+00:00,0.0
2025-06-22 02:00:00+00:00,0.0
2025-06-22 01:30:00+00:00,0.0
2025-06-22 01:00:00+00:00,0.0
2025-06-22 00:30:00+00:00,0.0
2025-06-22 00:00:00+00:00,0.0
2025-06-21 23:30:00+00:00,0.0
2025-06-21 23:00:00+00:00,0.0
2025-06-21 22:30:00+00:00,0.0
2025-06-21 22:00:00+00:00,0.0
2025-06-21 21:30:00+00:00,0.0
2025-06-21 21:00:00+00:00,0.0
2025-06-21 20:30:00+00:00,20312.8
2025-06-21 20:00:00+00:00,211115.0
2025-06-21 19:30:00+00:00,590856.0
2025-06-21 19:00:00+00:00,1215990.0
2025-06-21 18:30:00+00:00,1791910.0
2025-06-21 18:00:00+00:00,2529520.0
2025-06-21 17:30:00+00:00,3431600.0
2025-06-21 17:00:00+00:00,4284280.0
2025-06-21 16:30:00+00:00,5116660.0
2025-06-21 16:00:00+00:00,5644690.0
2025-06-21 15:30:00+00:00,5291760.0
2025-06-21 15:00:00+00:00,5533280.0
2025-06-21 14:30:00+00:00,5662560.0
2025-06-21 14:00:00+00:00,5802980.0
2025-06-21 13:30:00+00:00,5911160.0
2025-06-21 13:00:00+00:00,6421020.0
2025-06-21 12:30:00+00:00,6124880.0
2025-06-21 12:00:00+00:00,6292690.0
2025-06-21 11:30:00+00:00,6766200.0
2025-06-21 11:00:00+00:00,7421520.0
2025-06-21 10:30:00+00:00,7265720.0
2025-06-21 10:00:00+00:00,7430530.0
2025-06-21 09:30:00+00:00,7486080.0
2025-06-21 09:00:00+00:00,6667400.0
2025-06-21 08:30:00+00:00,5661270.0
2025-06-21 08:00:00+00:00,5061430.0
2025-06-21 07:30:00+00:00,4243350.0
2025-06-21 07:00:00+00:00,3263990.0
2025-06-21 06:30:00+00:00,2396150.0
2025-06-21 06:00:00+00:00,1674550.0
2025-06-21 05:30:00+00:00,1031800.0
2025-06-21 05:00:00+00:00,476900.0
2025-06-21 04:30:00+00:00,102868.0
2025-06-21 04:00:00+00:00,555.82
2025-06-21 03:30:00+00:00,0.0
2025-06-21 03:00:00+00:00,0.0
2025-06-21 02:30:00+00:00,0.0
2025-06-21 02:00:00+00:00,0.0
2025-06-21 01:30:00+00:00,0.0
2025-06-21 01:00:00+00:00,0.0
2025-06-21 00:30:00+00:00,0.0
2025-06-21 00:00:00+00:00,0.0
2025-06-20 23:30:00+00:00,0.0
2025-06-20 23:00:00+00:00,0.0
2025-06-20 22:30:00+00:00,0.0
2025-06-20 22:00:00+00:00,0.0
2025-06-20 21:30:00+00:00,0.0
2025-06-20 21:00:00+00:00,0.0
2025-06-20 20:30:00+00:00,31468.6
2025-06-20 20:00:00+00:00,284075.0
2025-06-20 19:30:00+00:00,713167.0
2025-06-20 19:00:00+00:00,1329450.0
2025-06-20 18:30:00+00:00,2051170.0
2025-06-20 18:00:00+00:00,2788180.0
2025-06-20 17:30:00+00:00,3593000.0
2025-06-20 17:00:00+00:00,4720500.0
2025-06-20 16:30:00+00:00,5807850.0
2025-06-20 16:00:00+00:00,7046830.0
2025-06-20 15:30:00+00:00,7577940.0
2025-06-20 15:00:00+00:00,8206130.0
2025-06-20 14:30:00+00:00,8667710.0
2025-06-20 14:00:00+00:00,8830750.0
2025-06-20 13:30:00+00:00,10036300.0
2025-06-20 13:00:00+00:00,10410100.0
2025-06-20 12:30:00+00:00,9806400.0
2025-06-20 12:00:00+00:00,10037000.0
2025-06-20 11:30:00+00:00,10236700.0
2025-06-20 11:00:00+00:00,9647030.0
2025-06-20 10:30:00+00:00,8632790.0
2025-06-20 10:00:00+00:00,8478910.0
2025-06-20 09:30:00+00:00,7518610.0
2025-06-20 09:00:00+00:00,6754000.0
2025-06-20 08:30:00+00:00,5803630.0
2025-06-20 08:00:00+00:00,5033670.0
2025-06-20 07:30:00+00:00,4145300.0
2025-06-20 07:00:00+00:00,3160090.0
2025-06-20 06:30:00+00:00,2454610.0
2025-06-20 06:00:00+00:00,1763120.0
2025-06-20 05:30:00+00:00,1119860.0
2025-06-20 05:00:00+00:00,543484.0
2025-06-20 04:30:00+00:00,127137.0
2025-06-20 04:00:00+00:00,941.16
2025-06-20 03:30:00+00:00,0.0
2025-06-20 03:00:00+00:00,0.0
2025-06-20 02:30:00+00:00,0.0
2025-06-20 02:00:00+00:00,0.0
2025-06-20 01:30:00+00:00,0.0
2025-06-20 01:00:00+00:00,0.0
2025-06-20 00:30:00+00:00,0.0
2025-06-20 00:00:00+00:00,0.0
2025-06-19 23:30:00+00:00,0.0
2025-06-19 23:00:00+00:00,0.0
2025-06-19 22:30:00+00:00,0.0
2025-06-19 22:00:00+00:00,0.0
2025-06-19 21:30:00+00:00,0.0
2025-06-19 21:00:00+00:00,0.0
2025-06-19 20:30:00+00:00,27090.3
2025-06-19 20:00:00+00:00,243425.0
2025-06-19 19:30:00+00:00,696223.0
2025-06-19 19:00:00+00:00,1304870.0
2025-06-19 18:30:00+00:00,2108040.0
2025-06-19 18:00:00+00:00,3003130.0
2025-06-19 17:30:00+00:00,3986290.0
2025-06-19 17:00:00+00:00,5163170.0
2025-06-19 16:30:00+00:00,6480500.0
2025-06-19 16:00:00+00:00,7664570.0
2025-06-19 15:30:00+00:00,8860150.0
2025-06-19 15:00:00+00:00,9891420.0
2025-06-19 14:30:00+00:00,10814200.0
2025-06-19 14:00:00+00:00,11502300.0
2025-06-19 13:30:00+00:00,12109000.0
2025-06-19 13:00:00+00:00,12443900.0
2025-06-19 12:30:00+00:00,12583200.0
2025-06-19 12:00:00+00:00,12640400.0
2025-06-19 11:30:00+00:00,12378300.0
2025-06-19 11:00:00+00:00,12049100.0
2025-06-19 10:30:00+00:00,11460000.0
2025-06-19 10:00:00+00:00,10669100.0
2025-06-19 09:30:00+00:00,9719190.0
2025-06-19 09:00:00+00:00,8636340.0
2025-06-19 08:30:00+00:00,7439190.0
2025-06-19 08:00:00+00:00,6147130.0
2025-06-19 07:30:00+00:00,4910260.0
2025-06-19 07:00:00+00:00,3780260.0
2025-06-19 06:30:00+00:00,2744140.0
2025-06-19 06:00:00+00:00,1848510.0
2025-06-19 05:30:00+00:00,1107160.0
2025-06-19 05:00:00+00:00,516743.0
2025-06-19 04:30:00+00:00,114847.0
2025-06-19 04:00:00+00:00,948.07
2025-06-19 03:30:00+00:00,0.0
2025-06-19 03:00:00+00:00,0.0
2025-06-19 02:30:00+00:00,0.0
2025-06-19 02:00:00+00:00,0.0
2025-06-19 01:30:00+00:00,0.0
2025-06-19 01:00:00+00:00,0.0
2025-06-19 00:30:00+00:00,0.0
2025-06-19 00:00:00+00:00,0.0
2025-06-18 23:30:00+00:00,0.0
2025-06-18 23:00:00+00:00,0.0
2025-06-18 22:30:00+00:00,0.0
2025-06-18 22:00:00+00:00,0.0
2025-06-18 21:30:00+00:00,0.0
2025-06-18 21:00:00+00:00,0.0
2025-06-18 20:30:00+00:00,21065.2
2025-06-18 20:00:00+00:00,222398.0
2025-06-18 19:30:00+00:00,670462.0
2025-06-18 19:00:00+00:00,1315040.0
2025-06-18 18:30:00+00:00,2075390.0
2025-06-18 18:00:00+00:00,2992300.0
2025-06-18 17:30:00+00:00,4050240.0
2025-06-18 17:00:00+00:00,5211520.0
2025-06-18 16:30:00+00:00,6412610.0
2025-06-18 16:00:00+00:00,7576530.0
2025-06-18 15:30:00+00:00,8743900.0
2025-06-18 15:00:00+00:00,9810600.0
2025-06-18 14:30:00+00:00,10576800.0
2025-06-18 14:00:00+00:00,11358600.0
2025-06-18 13:30:00+00:00,11912100.0
2025-06-18 13:00:00+00:00,12028600.0
2025-06-18 12:30:00+00:00,12169400.0
2025-06-18 12:00:00+00:00,12201500.0
2025-06-18 11:30:00+00:00,11783600.0
2025-06-18 11:00:00+00:00,11068500.0
2025-06-18 10:30:00+00:00,10105100.0
2025-06-18 10:00:00+00:00,9279010.0
2025-06-18 09:30:00+00:00,8354530.0
2025-06-18 09:00:00+00:00,7599770.0
2025-06-18 08:30:00+00:00,6477200.0
2025-06-18 08:00:00+00:00,5393000.0
2025-06-18 07:30:00+00:00,4319190.0
2025-06-18 07:00:00+00:00,3294730.0
2025-06-18 06:30:00+00:00,2450700.0
2025-06-18 06:00:00+00:00,1636950.0
2025-06-18 05:30:00+00:00,834060.0
2025-06-18 05:00:00+00:00,347754.0
2025-06-18 04:30:00+00:00,84510.7
2025-06-18 04:00:00+00:00,523.94
2025-06-18 03:30:00+00:00,0.0
2025-06-18 03:00:00+00:00,0.0
2025-06-18 02:30:00+00:00,0.0
2025-06-18 02:00:00+00:00,0.0
2025-06-18 01:30:00+00:00,0.0
2025-06-18 01:00:00+00:00,0.0
2025-06-18 00:30:00+00:00,0.0
2025-06-18 00:00:00+00:00,0.0
2025-06-17 23:30:00+00:00,0.0
2025-06-17 23:00:00+00:00,0.0
2025-06-17 22:30:00+00:00,0.0
2025-06-17 22:00:00+00:00,0.0
2025-06-17 21:30:00+00:00,0.0
2025-06-17 21:00:00+00:00,0.0
2025-06-17 20:30:00+00:00,22969.5
2025-06-17 20:00:00+00:00,234228.0
2025-06-17 19:30:00+00:00,554871.0
2025-06-17 19:00:00+00:00,1111450.0
2025-06-17 18:30:00+00:00,1897580.0
2025-06-17 18:00:00+00:00,2823160.0
2025-06-17 17:30:00+00:00,3857260.0
2025-06-17 17:00:00+00:00,4975180.0
2025-06-17 16:30:00+00:00,6051270.0
2025-06-17 16:00:00+00:00,7044600.0
2025-06-17 15:30:00+00:00,8070700.0
2025-06-17 15:00:00+00:00,8761240.0
2025-06-17 14:30:00+00:00,9406780.0
2025-06-17 14:00:00+00:00,10196500.0
2025-06-17 13:30:00+00:00,10923200.0
2025-06-17 13:00:00+00:00,11264500.0
2025-06-17 12:30:00+00:00,11701800.0
2025-06-17 12:00:00+00:00,11366000.0
2025-06-17 11:30:00+00:00,11311400.0
2025-06-17 11:00:00+00:00,10749700.0
2025-06-17 10:30:00+00:00,10177300.0
2025-06-17 10:00:00+00:00,9479230.0
2025-06-17 09:30:00+00:00,8436610.0
2025-06-17 09:00:00+00:00,7625830.0
2025-06-17 08:30:00+00:00,6569340.0
2025-06-17 08:00:00+00:00,5285970.0
2025-06-17 07:30:00+00:00,4215560.0
2025-06-17 07:00:00+00:00,3345000.0
2025-06-17 06:30:00+00:00,2460530.0
2025-06-17 06:00:00+00:00,1629200.0
2025-06-17 05:30:00+00:00,985119.0
2025-06-17 05:00:00+00:00,421850.0
2025-06-17 04:30:00+00:00,93978.6
2025-06-17 04:00:00+00:00,700.95
2025-06-17 03:30:00+00:00,0.0
2025-06-17 03:00:00+00:00,0.0
2025-06-17 02:30:00+00:00,0.0
2025-06-17 02:00:00+00:00,0.0
2025-06-17 01:30:00+00:00,0.0
2025-06-17 01:00:00+00:00,0.0
2025-06-17 00:30:00+00:00,0.0
2025-06-17 00:00:00+00:00,0.0
2025-06-16 23:30:00+00:00,0.0
2025-06-16 23:00:00+00:00,0.0
2025-06-16 22:30:00+00:00,0.0
2025-06-16 22:00:00+00:00,0.0
2025-06-16 21:30:00+00:00,0.0
2025-06-16 21:00:00+00:00,0.0
2025-06-16 20:30:00+00:00,12903.7
2025-06-16 20:00:00+00:00,195117.0
2025-06-16 19:30:00+00:00,626983.0
2025-06-16 19:00:00+00:00,1249960.0
2025-06-16 18:30:00+00:00,2130900.0
2025-06-16 18:00:00+00:00,3032040.0
2025-06-16 17:30:00+00:00,4081380.0
2025-06-16 17:00:00+00:00,5169480.0
2025-06-16 16:30:00+00:00,6322060.0
2025-06-16 16:00:00+00:00,7366350.0
2025-06-16 15:30:00+00:00,8340820.0
2025-06-16 15:00:00+00:00,9262140.0
2025-06-16 14:30:00+00:00,9909290.0
2025-06-16 14:00:00+00:00,10212000.0
2025-06-16 13:30:00+00:00,10581800.0
2025-06-16 13:00:00+00:00,10598900.0
2025-06-16 12:30:00+00:00,10058700.0
2025-06-16 12:00:00+00:00,9783970.0
2025-06-16 11:30:00+00:00,9440610.0
2025-06-16 11:00:00+00:00,8741940.0
2025-06-16 10:30:00+00:00,8544740.0
2025-06-16 10:00:00+00:00,7918930.0
2025-06-16 09:30:00+00:00,7103280.0
2025-06-16 09:00:00+00:00,6795110.0
2025-06-16 08:30:00+00:00,6112520.0
2025-06-16 08:00:00+00:00,5408580.0
2025-06-16 07:30:00+00:00,4411550.0
2025-06-16 07:00:00+00:00,3364140.0
2025-06-16 06:30:00+00:00,2454920.0
2025-06-16 06:00:00+00:00,1498830.0
2025-06-16 05:30:00+00:00,917426.0
2025-06-16 05:00:00+00:00,463827.0
2025-06-16 04:30:00+00:00,95921.3
2025-06-16 04:00:00+00:00,589.05
2025-06-16 03:30:00+00:00,0.0
2025-06-16 03:00:00+00:00,0.0
2025-06-16 02:30:00+00:00,0.0
2025-06-16 02:00:00+00:00,0.0
2025-06-16 01:30:00+00:00,0.0
2025-06-16 01:00:00+00:00,0.0
2025-06-16 00:30:00+00:00,0.0
2025-06-16 00:00:00+00:00,0.0
2025-06-15 23:30:00+00:00,0.0
2025-06-15 23:00:00+00:00,0.0
2025-06-15 22:30:00+00:00,0.0
2025-06-15 22:00:00+00:00,0.0
2025-06-15 21:30:00+00:00,0.0
2025-06-15 21:00:00+00:00,0.0
2025-06-15 20:30:00+00:00,14925.2
2025-06-15 20:00:00+00:00,175645.0
2025-06-15 19:30:00+00:00,526695.0
2025-06-15 19:00:00+00:00,1019650.0
2025-06-15 18:30:00+00:00,1801530.0
2025-06-15 18:00:00+00:00,2487520.0
2025-06-15 17:30:00+00:00,3060970.0
2025-06-15 17:00:00+00:00,3977900.0
2025-06-15 16:30:00+00:00,4620130.0
2025-06-15 16:00:00+00:00,5554370.0
2025-06-15 15:30:00+00:00,6770650.0
2025-06-15 15:00:00+00:00,7101390.0
2025-06-15 14:30:00+00:00,7830820.0
2025-06-15 14:00:00+00:00,8442270.0
2025-06-15 13:30:00+00:00,8563950.0
2025-06-15 13:00:00+00:00,9015240.0
2025-06-15 12:30:00+00:00,8694670.0
2025-06-15 12:00:00+00:00,8555470.0
2025-06-15 11:30:00+00:00,9584060.0
2025-06-15 11:00:00+00:00,9571290.0
2025-06-15 10:30:00+00:00,9605110.0
2025-06-15 10:00:00+00:00,8961280.0
2025-06-15 09:30:00+00:00,8183030.0
2025-06-15 09:00:00+00:00,7119830.0
2025-06-15 08:30:00+00:00,6585000.0
2025-06-15 08:00:00+00:00,5662810.0
2025-06-15 07:30:00+00:00,4392420.0
2025-06-15 07:00:00+00:00,3223930.0
2025-06-15 06:30:00+00:00,2336160.0
2025-06-15 06:00:00+00:00,1577750.0
2025-06-15 05:30:00+00:00,914363.0
2025-06-15 05:00:00+00:00,431342.0
2025-06-15 04:30:00+00:00,111458.0
2025-06-15 04:00:00+00:00,1241.69
2025-06-15 03:30:00+00:00,0.0
2025-06-15 03:00:00+00:00,0.0
2025-06-15 02:30:00+00:00,0.0
2025-06-15 02:00:00+00:00,0.0
2025-06-15 01:30:00+00:00,0.0
2025-06-15 01:00:00+00:00,0.0
2025-06-15 00:30:00+00:00,0.0
2025-06-15 00:00:00+00:00,0.0
2025-06-14 23:30:00+00:00,0.0
2025-06-14 23:00:00+00:00,0.0
2025-06-14 22:30:00+00:00,0.0
2025-06-14 22:00:00+00:00,0.0
2025-06-14 21:30:00+00:00,0.0
2025-06-14 21:00:00+00:00,0.0
2025-06-14 20:30:00+00:00,12161.9
2025-06-14 20:00:00+00:00,192112.0
2025-06-14 19:30:00+00:00,572988.0
2025-06-14 19:00:00+00:00,1080840.0
2025-06-14 18:30:00+00:00,1878140.0
2025-06-14 18:00:00+00:00,2647060.0
2025-06-14 17:30:00+00:00,3634960.0
2025-06-14 17:00:00+00:00,4456770.0
2025-06-14 16:30:00+00:00,5608400.0
2025-06-14 16:00:00+00:00,6624800.0
2025-06-14 15:30:00+00:00,7261410.0
2025-06-14 15:00:00+00:00,7934990.0
2025-06-14 14:30:00+00:00,9144570.0
2025-06-14 14:00:00+00:00,9657150.0
2025-06-14 13:30:00+00:00,10485900.0
2025-06-14 13:00:00+00:00,10719000.0
2025-06-14 12:30:00+00:00,10777700.0
2025-06-14 12:00:00+00:00,10402400.0
2025-06-14 11:30:00+00:00,9955740.0
2025-06-14 11:00:00+00:00,9213780.0
2025-06-14 10:30:00+00:00,9023870.0
2025-06-14 10:00:00+00:00,7840810.0
2025-06-14 09:30:00+00:00,6845190.0
2025-06-14 09:00:00+00:00,5267960.0
2025-06-14 08:30:00+00:00,3865900.0
2025-06-14 08:00:00+00:00,2841110.0
2025-06-14 07:30:00+00:00,1864730.0
2025-06-14 07:00:00+00:00,1633680.0
2025-06-14 06:30:00+00:00,1326140.0
2025-06-14 06:00:00+00:00,910264.0
2025-06-14 05:30:00+00:00,702603.0
2025-06-14 05:00:00+00:00,302906.0
2025-06-14 04:30:00+00:00,49573.9
2025-06-14 04:00:00+00:00,2.73
2025-06-14 03:30:00+00:00,0.0
2025-06-14 03:00:00+00:00,0.0
2025-06-14 02:30:00+00:00,0.0
2025-06-14 02:00:00+00:00,0.0
2025-06-14 01:30:00+00:00,0.0
2025-06-14 01:00:00+00:00,0.0
2025-06-14 00:30:00+00:00,0.0
2025-06-14 00:00:00+00:00,0.0
2025-06-13 23:30:00+00:00,0.0
2025-06-13 23:00:00+00:00,0.0
2025-06-13 22:30:00+00:00,0.0
2025-06-13 22:00:00+00:00,0.0
2025-06-13 21:30:00+00:00,0.0
2025-06-13 21:00:00+00:00,0.0
2025-06-13 20:30:00+00:00,5536.0
2025-06-13 20:00:00+00:00,87388.1
2025-06-13 19:30:00+00:00,290540.0
2025-06-13 19:00:00+00:00,654579.0
2025-06-13 18:30:00+00:00,1143470.0
2025-06-13 18:00:00+00:00,1743540.0
2025-06-13 17:30:00+00:00,2523100.0
2025-06-13 17:00:00+00:00,3709540.0
2025-06-13 16:30:00+00:00,4782680.0
2025-06-13 16:00:00+00:00,6058510.0
2025-06-13 15:30:00+00:00,7258400.0
2025-06-13 15:00:00+00:00,8421510.0
2025-06-13 14:30:00+00:00,9344240.0
2025-06-13 14:00:00+00:00,10102700.0
2025-06-13 13:30:00+00:00,10762300.0
2025-06-13 13:00:00+00:00,10998000.0
2025-06-13 12:30:00+00:00,11301300.0
2025-06-13 12:00:00+00:00,11603200.0
2025-06-13 11:30:00+00:00,11576500.0
2025-06-13 11:00:00+00:00,11367400.0
2025-06-13 10:30:00+00:00,10778400.0
2025-06-13 10:00:00+00:00,9965710.0
2025-06-13 09:30:00+00:00,9018190.0
2025-06-13 09:00:00+00:00,8049390.0
2025-06-13 08:30:00+00:00,6854660.0
2025-06-13 08:00:00+00:00,5910150.0
2025-06-13 07:30:00+00:00,4793080.0
2025-06-13 07:00:00+00:00,3598970.0
2025-06-13 06:30:00+00:00,2572640.0
2025-06-13 06:00:00+00:00,1695910.0
2025-06-13 05:30:00+00:00,1004520.0
2025-06-13 05:00:00+00:00,454609.0
2025-06-13 04:30:00+00:00,104185.0
2025-06-13 04:00:00+00:00,712.4
2025-06-13 03:30:00+00:00,0.0
2025-06-13 03:00:00+00:00,0.0
2025-06-13 02:30:00+00:00,0.0
2025-06-13 02:00:00+00:00,0.0
2025-06-13 01:30:00+00:00,0.0
2025-06-13 01:00:00+00:00,0.0
2025-06-13 00:30:00+00:00,0.0
2025-06-13 00:00:00+00:00,0.0
2025-06-12 23:30:00+00:00,0.0
2025-06-12 23:00:00+00:00,0.0
2025-06-12 22:30:00+00:00,0.0
2025-06-12 22:00:00+00:00,0.0
2025-06-12 21:30:00+00:00,0.0
2025-06-12 21:00:00+00:00,0.0
2025-06-12 20:30:00+00:00,10636.3
2025-06-12 20:00:00+00:00,176653.0
2025-06-12 19:30:00+00:00,542909.0
2025-06-12 19:00:00+00:00,1080430.0
2025-06-12 18:30:00+00:00,1600990.0
2025-06-12 18:00:00+00:00,2342430.0
2025-06-12 17:30:00+00:00,3258490.0
2025-06-12 17:00:00+00:00,3995920.0
2025-06-12 16:30:00+00:00,4798340.0
2025-06-12 16:00:00+00:00,5797410.0
2025-06-12 15:30:00+00:00,6317170.0
2025-06-12 15:00:00+00:00,6746840.0
2025-06-12 14:30:00+00:00,7226590.0
2025-06-12 14:00:00+00:00,6804150.0
2025-06-12 13:30:00+00:00,5734070.0
2025-06-12 13:00:00+00:00,5682140.0
2025-06-12 12:30:00+00:00,5736710.0
2025-06-12 12:00:00+00:00,5697230.0
2025-06-12 11:30:00+00:00,5309100.0
2025-06-12 11:00:00+00:00,5917530.0
2025-06-12 10:30:00+00:00,6496950.0
2025-06-12 10:00:00+00:00,6626140.0
2025-06-12 09:30:00+00:00,6442350.0
2025-06-12 09:00:00+00:00,5886310.0
2025-06-12 08:30:00+00:00,5153630.0
2025-06-12 08:00:00+00:00,4424680.0
2025-06-12 07:30:00+00:00,3977710.0
2025-06-12 07:00:00+00:00,2851110.0
2025-06-12 06:30:00+00:00,2181120.0
2025-06-12 06:00:00+00:00,1513650.0
2025-06-12 05:30:00+00:00,1033380.0
2025-06-12 05:00:00+00:00,468213.0
2025-06-12 04:30:00+00:00,120073.0
2025-06-12 04:00:00+00:00,1070.48
2025-06-12 03:30:00+00:00,0.0
2025-06-12 03:00:00+00:00,0.0
2025-06-12 02:30:00+00:00,0.0
2025-06-12 02:00:00+00:00,0.0
2025-06-12 01:30:00+00:00,0.0
2025-06-12 01:00:00+00:00,0.0
2025-06-12 00:30:00+00:00,0.0
2025-06-12 00:00:00+00:00,0.0
2025-06-11 23:30:00+00:00,0.0
2025-06-11 23:00:00+00:00,0.0
2025-06-11 22:30:00+00:00,0.0
2025-06-11 22:00:00+00:00,0.0
2025-06-11 21:30:00+00:00,0.0
2025-06-11 21:00:00+00:00,0.0
2025-06-11 20:30:00+00:00,13111.3
2025-06-11 20:00:00+00:00,189306.0
2025-06-11 19:30:00+00:00,649199.0
2025-06-11 19:00:00+00:00,1322540.0
2025-06-11 18:30:00+00:00,2156120.0
2025-06-11 18:00:00+00:00,3024670.0
2025-06-11 17:30:00+00:00,4167620.0
2025-06-11 17:00:00+00:00,5245720.0
2025-06-11 16:30:00+00:00,6132850.0
2025-06-11 16:00:00+00:00,7338340.0
2025-06-11 15:30:00+00:00,8406900.0
2025-06-11 15:00:00+00:00,9386280.0
2025-06-11 14:30:00+00:00,9903730.0
2025-06-11 14:00:00+00:00,10545500.0
2025-06-11 13:30:00+00:00,11105000.0
2025-06-11 13:00:00+00:00,11117000.0
2025-06-11 12:30:00+00:00,10895000.0
2025-06-11 12:00:00+00:00,10441700.0
2025-06-11 11:30:00+00:00,10385400.0
2025-06-11 11:00:00+00:00,10250200.0
2025-06-11 10:30:00+00:00,9649250.0
2025-06-11 10:00:00+00:00,9155340.0
2025-06-11 09:30:00+00:00,8482460.0
2025-06-11 09:00:00+00:00,7662140.0
2025-06-11 08:30:00+00:00,6623530.0
2025-06-11 08:00:00+00:00,5613830.0
2025-06-11 07:30:00+00:00,4571830.0
2025-06-11 07:00:00+00:00,3530130.0
2025-06-11 06:30:00+00:00,2565120.0
2025-06-11 06:00:00+00:00,1774000.0
2025-06-11 05:30:00+00:00,968453.0
2025-06-11 05:00:00+00:00,469543.0
2025-06-11 04:30:00+00:00,116350.0
2025-06-11 04:00:00+00:00,980.49
2025-06-11 03:30:00+00:00,0.0
2025-06-11 03:00:00+00:00,0.0
2025-06-11 02:30:00+00:00,0.0
2025-06-11 02:00:00+00:00,0.0
2025-06-11 01:30:00+00:00,0.0
2025-06-11 01:00:00+00:00,0.0
2025-06-11 00:30:00+00:00,0.0
2025-06-11 00:00:00+00:00,0.0
2025-06-10 23:30:00+00:00,0.0
2025-06-10 23:00:00+00:00,0.0
2025-06-10 22:30:00+00:00,0.0
2025-06-10 22:00:00+00:00,0.0
2025-06-10 21:30:00+00:00,0.0
2025-06-10 21:00:00+00:00,0.0
2025-06-10 20:30:00+00:00,17842.4
2025-06-10 20:00:00+00:00,218998.0
2025-06-10 19:30:00+00:00,630104.0
2025-06-10 19:00:00+00:00,1270160.0
2025-06-10 18:30:00+00:00,2091060.0
2025-06-10 18:00:00+00:00,2985440.0
2025-06-10 17:30:00+00:00,4018740.0
2025-06-10 17:00:00+00:00,5042680.0
2025-06-10 16:30:00+00:00,6107580.0
2025-06-10 16:00:00+00:00,7010850.0
2025-06-10 15:30:00+00:00,8074250.0
2025-06-10 15:00:00+00:00,8977100.0
2025-06-10 14:30:00+00:00,9639480.0
2025-06-10 14:00:00+00:00,10098400.0
2025-06-10 13:30:00+00:00,10373800.0
2025-06-10 13:00:00+00:00,9967730.0
2025-06-10 12:30:00+00:00,9845010.0
2025-06-10 12:00:00+00:00,9851660.0
2025-06-10 11:30:00+00:00,9388190.0
2025-06-10 11:00:00+00:00,8678570.0
2025-06-10 10:30:00+00:00,8159310.0
2025-06-10 10:00:00+00:00,7953760.0
2025-06-10 09:30:00+00:00,7373540.0
2025-06-10 09:00:00+00:00,6250290.0
2025-06-10 08:30:00+00:00,5049400.0
2025-06-10 08:00:00+00:00,4179070.0
2025-06-10 07:30:00+00:00,3275450.0
2025-06-10 07:00:00+00:00,2360190.0
2025-06-10 06:30:00+00:00,1422270.0
2025-06-10 06:00:00+00:00,1007610.0
2025-06-10 05:30:00+00:00,690709.0
2025-06-10 05:00:00+00:00,353810.0
2025-06-10 04:30:00+00:00,98107.3
2025-06-10 04:00:00+00:00,419.19
2025-06-10 03:30:00+00:00,0.0
2025-06-10 03:00:00+00:00,0.0
2025-06-10 02:30:00+00:00,0.0
2025-06-10 02:00:00+00:00,0.0
2025-06-10 01:30:00+00:00,0.0
2025-06-10 01:00:00+00:00,0.0
2025-06-10 00:30:00+00:00,0.0
2025-06-10 00:00:00+00:00,0.0
2025-06-09 23:30:00+00:00,0.0
2025-06-09 23:00:00+00:00,0.0
2025-06-09 22:30:00+00:00,0.0
2025-06-09 22:00:00+00:00,0.0
2025-06-09 21:30:00+00:00,0.0
2025-06-09 21:00:00+00:00,0.0
2025-06-09 20:30:00+00:00,622.51
2025-06-09 20:00:00+00:00,48682.8
2025-06-09 19:30:00+00:00,218443.0
2025-06-09 19:00:00+00:00,502895.0
2025-06-09 18:30:00+00:00,860183.0
2025-06-09 18:00:00+00:00,1357580.0
2025-06-09 17:30:00+00:00,1914790.0
2025-06-09 17:00:00+00:00,2657640.0
2025-06-09 16:30:00+00:00,3408440.0
2025-06-09 16:00:00+00:00,4334360.0
2025-06-09 15:30:00+00:00,4813040.0
2025-06-09 15:00:00+00:00,5692260.0
2025-06-09 14:30:00+00:00,6055180.0
2025-06-09 14:00:00+00:00,6782150.0
2025-06-09 13:30:00+00:00,6917580.0
2025-06-09 13:00:00+00:00,6850870.0
2025-06-09 12:30:00+00:00,7009170.0
2025-06-09 12:00:00+00:00,6900650.0
2025-06-09 11:30:00+00:00,6618900.0
2025-06-09 11:00:00+00:00,6346520.0
2025-06-09 10:30:00+00:00,6375250.0
2025-06-09 10:00:00+00:00,6243320.0
2025-06-09 09:30:00+00:00,6529970.0
2025-06-09 09:00:00+00:00,5943310.0
2025-06-09 08:30:00+00:00,5465150.0
2025-06-09 08:00:00+00:00,4792320.0
2025-06-09 07:30:00+00:00,3863490.0
2025-06-09 07:00:00+00:00,2916710.0
2025-06-09 06:30:00+00:00,2128280.0
2025-06-09 06:00:00+00:00,1226420.0
2025-06-09 05:30:00+00:00,647037.0
2025-06-09 05:00:00+00:00,246438.0
2025-06-09 04:30:00+00:00,28435.1
2025-06-09 04:00:00+00:00,6.97
2025-06-09 03:30:00+00:00,0.0
2025-06-09 03:00:00+00:00,0.0
2025-06-09 02:30:00+00:00,0.0
2025-06-09 02:00:00+00:00,0.0
2025-06-09 01:30:00+00:00,0.0
2025-06-09 01:00:00+00:00,0.0
2025-06-09 00:30:00+00:00,0.0
2025-06-09 00:00:00+00:00,0.0
2025-06-08 23:30:00+00:00,0.0
2025-06-08 23:00:00+00:00,0.0
2025-06-08 22:30:00+00:00,0.0
2025-06-08 22:00:00+00:00,0.0
2025-06-08 21:30:00+00:00,0.0
2025-06-08 21:00:00+00:00,0.0
2025-06-08 20:30:00+00:00,3684.0
2025-06-08 20:00:00+00:00,96651.4
2025-06-08 19:30:00+00:00,348404.0
2025-06-08 19:00:00+00:00,769756.0
2025-06-08 18:30:00+00:00,1287580.0
2025-06-08 18:00:00+00:00,2064440.0
2025-06-08 17:30:00+00:00,2838310.0
2025-06-08 17:00:00+00:00,3429140.0
2025-06-08 16:30:00+00:00,4073460.0
2025-06-08 16:00:00+00:00,4689440.0
2025-06-08 15:30:00+00:00,5408700.0
2025-06-08 15:00:00+00:00,6011780.0
2025-06-08 14:30:00+00:00,6054700.0
2025-06-08 14:00:00+00:00,6582330.0
2025-06-08 13:30:00+00:00,7469160.0
2025-06-08 13:00:00+00:00,8253700.0
2025-06-08 12:30:00+00:00,8387570.0
2025-06-08 12:00:00+00:00,8551710.0
2025-06-08 11:30:00+00:00,9352140.0
2025-06-08 11:00:00+00:00,9000120.0
2025-06-08 10:30:00+00:00,8677450.0
2025-06-08 10:00:00+00:00,8801480.0
2025-06-08 09:30:00+00:00,7909300.0
2025-06-08 09:00:00+00:00,7516340.0
2025-06-08 08:30:00+00:00,6917560.0
2025-06-08 08:00:00+00:00,6075670.0
2025-06-08 07:30:00+00:00,4917700.0
2025-06-08 07:00:00+00:00,3714640.0
2025-06-08 06:30:00+00:00,2685750.0
2025-06-08 06:00:00+00:00,1787170.0
2025-06-08 05:30:00+00:00,1006990.0
2025-06-08 05:00:00+00:00,428114.0
2025-06-08 04:30:00+00:00,66130.1
2025-06-08 04:00:00+00:00,71.62
2025-06-08 03:30:00+00:00,0.0
2025-06-08 03:00:00+00:00,0.0
2025-06-08 02:30:00+00:00,0.0
2025-06-08 02:00:00+00:00,0.0
2025-06-08 01:30:00+00:00,0.0
2025-06-08 01:00:00+00:00,0.0
2025-06-08 00:30:00+00:00,0.0
2025-06-08 00:00:00+00:00,0.0
2025-06-07 23:30:00+00:00,0.0
2025-06-07 23:00:00+00:00,0.0
2025-06-07 22:30:00+00:00,0.0
2025-06-07 22:00:00+00:00,0.0
2025-06-07 21:30:00+00:00,0.0
2025-06-07 21:00:00+00:00,0.0
2025-06-07 20:30:00+00:00,4033.07
2025-06-07 20:00:00+00:00,108826.0
2025-06-07 19:30:00+00:00,389563.0
2025-06-07 19:00:00+00:00,650467.0
2025-06-07 18:30:00+00:00,1063120.0
2025-06-07 18:00:00+00:00,1411390.0
2025-06-07 17:30:00+00:00,1677340.0
2025-06-07 17:00:00+00:00,2210860.0
2025-06-07 16:30:00+00:00,2659580.0
2025-06-07 16:00:00+00:00,3144610.0
2025-06-07 15:30:00+00:00,3838460.0
2025-06-07 15:00:00+00:00,4897840.0
2025-06-07 14:30:00+00:00,5303050.0
2025-06-07 14:00:00+00:00,4999080.0
2025-06-07 13:30:00+00:00,5462560.0
2025-06-07 13:00:00+00:00,6001680.0
2025-06-07 12:30:00+00:00,6524190.0
2025-06-07 12:00:00+00:00,6604370.0
2025-06-07 11:30:00+00:00,6793860.0
2025-06-07 11:00:00+00:00,5861460.0
2025-06-07 10:30:00+00:00,5577180.0
2025-06-07 10:00:00+00:00,5321910.0
2025-06-07 09:30:00+00:00,5154050.0
2025-06-07 09:00:00+00:00,4663280.0
2025-06-07 08:30:00+00:00,4147440.0
2025-06-07 08:00:00+00:00,3342580.0
2025-06-07 07:30:00+00:00,2794770.0
2025-06-07 07:00:00+00:00,2020570.0
2025-06-07 06:30:00+00:00,1458490.0
2025-06-07 06:00:00+00:00,1044780.0
2025-06-07 05:30:00+00:00,547466.0
2025-06-07 05:00:00+00:00,234070.0
2025-06-07 04:30:00+00:00,34359.1
2025-06-07 04:00:00+00:00,7.27
2025-06-07 03:30:00+00:00,0.0
2025-06-07 03:00:00+00:00,0.0
2025-06-07 02:30:00+00:00,0.0
2025-06-07 02:00:00+00:00,0.0
2025-06-07 01:30:00+00:00,0.0
2025-06-07 01:00:00+00:00,0.0
2025-06-07 00:30:00+00:00,0.0
2025-06-07 00:00:00+00:00,0.0
2025-06-06 23:30:00+00:00,0.0
2025-06-06 23:00:00+00:00,0.0
2025-06-06 22:30:00+00:00,0.0
2025-06-06 22:00:00+00:00,0.0
2025-06-06 21:30:00+00:00,0.0
2025-06-06 21:00:00+00:00,0.0
2025-06-06 20:30:00+00:00,7370.79
2025-06-06 20:00:00+00:00,112597.0
2025-06-06 19:30:00+00:00,341742.0
2025-06-06 19:00:00+00:00,752006.0
2025-06-06 18:30:00+00:00,1237090.0
2025-06-06 18:00:00+00:00,2059520.0
2025-06-06 17:30:00+00:00,3056330.0
2025-06-06 17:00:00+00:00,3789810.0
2025-06-06 16:30:00+00:00,4768420.0
2025-06-06 16:00:00+00:00,5621090.0
2025-06-06 15:30:00+00:00,6293420.0
2025-06-06 15:00:00+00:00,7413960.0
2025-06-06 14:30:00+00:00,8644020.0
2025-06-06 14:00:00+00:00,8503180.0
2025-06-06 13:30:00+00:00,9638120.0
2025-06-06 13:00:00+00:00,10355800.0
2025-06-06 12:30:00+00:00,10419100.0
2025-06-06 12:00:00+00:00,10440000.0
2025-06-06 11:30:00+00:00,10727100.0
2025-06-06 11:00:00+00:00,9479970.0
2025-06-06 10:30:00+00:00,8991550.0
2025-06-06 10:00:00+00:00,8378270.0
2025-06-06 09:30:00+00:00,7252470.0
2025-06-06 09:00:00+00:00,6255010.0
2025-06-06 08:30:00+00:00,5400970.0
2025-06-06 08:00:00+00:00,4295610.0
2025-06-06 07:30:00+00:00,3411380.0
2025-06-06 07:00:00+00:00,2556270.0
2025-06-06 06:30:00+00:00,1842890.0
2025-06-06 06:00:00+00:00,1242900.0
2025-06-06 05:30:00+00:00,710344.0
2025-06-06 05:00:00+00:00,269995.0
2025-06-06 04:30:00+00:00,41057.8
2025-06-06 04:00:00+00:00,6.76
2025-06-06 03:30:00+00:00,0.0
2025-06-06 03:00:00+00:00,0.0
2025-06-06 02:30:00+00:00,0.0
2025-06-06 02:00:00+00:00,0.0
2025-06-06 01:30:00+00:00,0.0
2025-06-06 01:00:00+00:00,0.0
2025-06-06 00:30:00+00:00,0.0
2025-06-06 00:00:00+00:00,0.0
2025-06-05 23:30:00+00:00,0.0
2025-06-05 23:00:00+00:00,0.0
2025-06-05 22:30:00+00:00,0.0
2025-06-05 22:00:00+00:00,0.0
2025-06-05 21:30:00+00:00,0.0
2025-06-05 21:00:00+00:00,0.0
2025-06-05 20:30:00+00:00,3523.16
2025-06-05 20:00:00+00:00,81538.1
2025-06-05 19:30:00+00:00,231849.0
2025-06-05 19:00:00+00:00,494385.0
2025-06-05 18:30:00+00:00,751308.0
2025-06-05 18:00:00+00:00,1227120.0
2025-06-05 17:30:00+00:00,1916170.0
2025-06-05 17:00:00+00:00,2491500.0
2025-06-05 16:30:00+00:00,2993060.0
2025-06-05 16:00:00+00:00,3316830.0
2025-06-05 15:30:00+00:00,4176100.0
2025-06-05 15:00:00+00:00,5268670.0
2025-06-05 14:30:00+00:00,5510950.0
2025-06-05 14:00:00+00:00,5846540.0
2025-06-05 13:30:00+00:00,5735100.0
2025-06-05 13:00:00+00:00,5987180.0
2025-06-05 12:30:00+00:00,6203320.0
2025-06-05 12:00:00+00:00,5974720.0
2025-06-05 11:30:00+00:00,5514710.0
2025-06-05 11:00:00+00:00,5418160.0
2025-06-05 10:30:00+00:00,4564720.0
2025-06-05 10:00:00+00:00,4297100.0
2025-06-05 09:30:00+00:00,3763740.0
2025-06-05 09:00:00+00:00,3194550.0
2025-06-05 08:30:00+00:00,2624330.0
2025-06-05 08:00:00+00:00,2149870.0
2025-06-05 07:30:00+00:00,1621800.0
2025-06-05 07:00:00+00:00,1240280.0
2025-06-05 06:30:00+00:00,897170.0
2025-06-05 06:00:00+00:00,521948.0
2025-06-05 05:30:00+00:00,246572.0
2025-06-05 05:00:00+00:00,90187.8
2025-06-05 04:30:00+00:00,13096.7
2025-06-05 04:00:00+00:00,4.59
2025-06-05 03:30:00+00:00,0.0
2025-06-05 03:00:00+00:00,0.0
2025-06-05 02:30:00+00:00,0.0
2025-06-05 02:00:00+00:00,0.0
2025-06-05 01:30:00+00:00,0.0
2025-06-05 01:00:00+00:00,0.0
2025-06-05 00:30:00+00:00,0.0
2025-06-05 00:00:00+00:00,0.0
2025-06-04 23:30:00+00:00,0.0
2025-06-04 23:00:00+00:00,0.0
2025-06-04 22:30:00+00:00,0.0
2025-06-04 22:00:00+00:00,0.0
2025-06-04 21:30:00+00:00,0.0
2025-06-04 21:00:00+00:00,0.0
2025-06-04 20:30:00+00:00,1863.31
2025-06-04 20:00:00+00:00,106995.0
2025-06-04 19:30:00+00:00,415754.0
2025-06-04 19:00:00+00:00,957651.0
2025-06-04 18:30:00+00:00,1602010.0
2025-06-04 18:00:00+00:00,2333000.0
2025-06-04 17:30:00+00:00,3030370.0
2025-06-04 17:00:00+00:00,4031160.0
2025-06-04 16:30:00+00:00,5191980.0
2025-06-04 16:00:00+00:00,6198800.0
2025-06-04 15:30:00+00:00,7094410.0
2025-06-04 15:00:00+00:00,7751560.0
2025-06-04 14:30:00+00:00,8103780.0
2025-06-04 14:00:00+00:00,8488860.0
2025-06-04 13:30:00+00:00,9359880.0
2025-06-04 13:00:00+00:00,9190250.0
2025-06-04 12:30:00+00:00,9481460.0
2025-06-04 12:00:00+00:00,9768440.0
2025-06-04 11:30:00+00:00,9104090.0
2025-06-04 11:00:00+00:00,8648580.0
2025-06-04 10:30:00+00:00,8632610.0
2025-06-04 10:00:00+00:00,8321040.0
2025-06-04 09:30:00+00:00,7446330.0
2025-06-04 09:00:00+00:00,6889370.0
2025-06-04 08:30:00+00:00,6512860.0
2025-06-04 08:00:00+00:00,5532100.0
2025-06-04 07:30:00+00:00,4515940.0
2025-06-04 07:00:00+00:00,3400650.0
2025-06-04 06:30:00+00:00,2475940.0
2025-06-04 06:00:00+00:00,1527540.0
2025-06-04 05:30:00+00:00,820927.0
2025-06-04 05:00:00+00:00,340437.0
2025-06-04 04:30:00+00:00,50569.8
2025-06-04 04:00:00+00:00,3.32
2025-06-04 03:30:00+00:00,0.0
2025-06-04 03:00:00+00:00,0.0
2025-06-04 02:30:00+00:00,0.0
2025-06-04 02:00:00+00:00,0.0
2025-06-04 01:30:00+00:00,0.0
2025-06-04 01:00:00+00:00,0.0
2025-06-04 00:30:00+00:00,0.0
2025-06-04 00:00:00+00:00,0.0
2025-06-03 23:30:00+00:00,0.0
2025-06-03 23:00:00+00:00,0.0
2025-06-03 22:30:00+00:00,0.0
2025-06-03 22:00:00+00:00,0.0
2025-06-03 21:30:00+00:00,0.0
2025-06-03 21:00:00+00:00,0.0
2025-06-03 20:30:00+00:00,1583.0
2025-06-03 20:00:00+00:00,100301.0
2025-06-03 19:30:00+00:00,455738.0
2025-06-03 19:00:00+00:00,936364.0
2025-06-03 18:30:00+00:00,1515380.0
2025-06-03 18:00:00+00:00,2313270.0
2025-06-03 17:30:00+00:00,2977640.0
2025-06-03 17:00:00+00:00,3524020.0
2025-06-03 16:30:00+00:00,4594950.0
2025-06-03 16:00:00+00:00,5533740.0
2025-06-03 15:30:00+00:00,6581190.0
2025-06-03 15:00:00+00:00,6990190.0
2025-06-03 14:30:00+00:00,7575050.0
2025-06-03 14:00:00+00:00,8178870.0
2025-06-03 13:30:00+00:00,8274740.0
2025-06-03 13:00:00+00:00,8033510.0
2025-06-03 12:30:00+00:00,7767840.0
2025-06-03 12:00:00+00:00,7614320.0
2025-06-03 11:30:00+00:00,7048370.0
2025-06-03 11:00:00+00:00,6738300.0
2025-06-03 10:30:00+00:00,6167270.0
2025-06-03 10:00:00+00:00,5505480.0
2025-06-03 09:30:00+00:00,4600710.0
2025-06-03 09:00:00+00:00,3737270.0
2025-06-03 08:30:00+00:00,3253980.0
2025-06-03 08:00:00+00:00,2569070.0
2025-06-03 07:30:00+00:00,2121040.0
2025-06-03 07:00:00+00:00,1578830.0
2025-06-03 06:30:00+00:00,1111800.0
2025-06-03 06:00:00+00:00,770715.0
2025-06-03 05:30:00+00:00,459547.0
2025-06-03 05:00:00+00:00,250474.0
2025-06-03 04:30:00+00:00,69977.7
2025-06-03 04:00:00+00:00,6.07
2025-06-03 03:30:00+00:00,0.0
2025-06-03 03:00:00+00:00,0.0
2025-06-03 02:30:00+00:00,0.0
2025-06-03 02:00:00+00:00,0.0
2025-06-03 01:30:00+00:00,0.0
2025-06-03 01:00:00+00:00,0.0
2025-06-03 00:30:00+00:00,0.0
2025-06-03 00:00:00+00:00,0.0
2025-06-02 23:30:00+00:00,0.0
2025-06-02 23:00:00+00:00,0.0
2025-06-02 22:30:00+00:00,0.0
2025-06-02 22:00:00+00:00,0.0
2025-06-02 21:30:00+00:00,0.0
2025-06-02 21:00:00+00:00,0.0
2025-06-02 20:30:00+00:00,2710.89
2025-06-02 20:00:00+00:00,118757.0
2025-06-02 19:30:00+00:00,495708.0
2025-06-02 19:00:00+00:00,1111620.0
2025-06-02 18:30:00+00:00,1853770.0
2025-06-02 18:00:00+00:00,2735920.0
2025-06-02 17:30:00+00:00,4037890.0
2025-06-02 17:00:00+00:00,4996230.0
2025-06-02 16:30:00+00:00,6195370.0
2025-06-02 16:00:00+00:00,7226820.0
2025-06-02 15:30:00+00:00,8374660.0
2025-06-02 15:00:00+00:00,9253500.0
2025-06-02 14:30:00+00:00,10005700.0
2025-06-02 14:00:00+00:00,10478700.0
2025-06-02 13:30:00+00:00,10917200.0
2025-06-02 13:00:00+00:00,10843500.0
2025-06-02 12:30:00+00:00,10838400.0
2025-06-02 12:00:00+00:00,10658900.0
2025-06-02 11:30:00+00:00,10845400.0
2025-06-02 11:00:00+00:00,10419200.0
2025-06-02 10:30:00+00:00,9860300.0
2025-06-02 10:00:00+00:00,9372280.0
2025-06-02 09:30:00+00:00,8955800.0
2025-06-02 09:00:00+00:00,8485410.0
2025-06-02 08:30:00+00:00,7482320.0
2025-06-02 08:00:00+00:00,6229290.0
2025-06-02 07:30:00+00:00,5113990.0
2025-06-02 07:00:00+00:00,3906000.0
2025-06-02 06:30:00+00:00,2835790.0
2025-06-02 06:00:00+00:00,1858300.0
2025-06-02 05:30:00+00:00,958402.0
2025-06-02 05:00:00+00:00,443404.0
2025-06-02 04:30:00+00:00,84633.0
2025-06-02 04:00:00+00:00,10.15
2025-06-02 03:30:00+00:00,0.0
2025-06-02 03:00:00+00:00,0.0
2025-06-02 02:30:00+00:00,0.0
2025-06-02 02:00:00+00:00,0.0
2025-06-02 01:30:00+00:00,0.0
2025-06-02 01:00:00+00:00,0.0
2025-06-02 00:30:00+00:00,0.0
2025-06-02 00:00:00+00:00,0.0
2025-06-01 23:30:00+00:00,0.0
2025-06-01 23:00:00+00:00,0.0
2025-06-01 22:30:00+00:00,0.0
2025-06-01 22:00:00+00:00,0.0
2025-06-01 21:30:00+00:00,0.0
2025-06-01 21:00:00+00:00,0.0
2025-06-01 20:30:00+00:00,3583.57
2025-06-01 20:00:00+00:00,128800.0
2025-06-01 19:30:00+00:00,480473.0
2025-06-01 19:00:00+00:00,1169940.0
2025-06-01 18:30:00+00:00,1705020.0
2025-06-01 18:00:00+00:00,2639240.0
2025-06-01 17:30:00+00:00,3188810.0
2025-06-01 17:00:00+00:00,3782170.0
2025-06-01 16:30:00+00:00,4740010.0
2025-06-01 16:00:00+00:00,5706520.0
2025-06-01 15:30:00+00:00,6433750.0
2025-06-01 15:00:00+00:00,6797300.0
2025-06-01 14:30:00+00:00,7200340.0
2025-06-01 14:00:00+00:00,7988730.0
2025-06-01 13:30:00+00:00,8093100.0
2025-06-01 13:00:00+00:00,8530160.0
2025-06-01 12:30:00+00:00,8895640.0
2025-06-01 12:00:00+00:00,8887010.0
2025-06-01 11:30:00+00:00,8722030.0
2025-06-01 11:00:00+00:00,8930630.0
2025-06-01 10:30:00+00:00,8370160.0
2025-06-01 10:00:00+00:00,8083660.0
2025-06-01 09:30:00+00:00,7912080.0
2025-06-01 09:00:00+00:00,6921510.0
2025-06-01 08:30:00+00:00,6129420.0
2025-06-01 08:00:00+00:00,5409730.0
2025-06-01 07:30:00+00:00,4512290.0
2025-06-01 07:00:00+00:00,3448870.0
2025-06-01 06:30:00+00:00,2601100.0
2025-06-01 06:00:00+00:00,1702970.0
2025-06-01 05:30:00+00:00,984064.0
2025-06-01 05:00:00+00:00,414374.0
2025-06-01 04:30:00+00:00,71317.4
2025-06-01 04:00:00+00:00,2.39
2025-06-01 03:30:00+00:00,0.0
2025-06-01 03:00:00+00:00,0.0
2025-06-01 02:30:00+00:00,0.0
2025-06-01 02:00:00+00:00,0.0
2025-06-01 01:30:00+00:00,0.0
2025-06-01 01:00:00+00:00,0.0
2025-06-01 00:30:00+00:00,0.0
2025-06-01 00:00:00+00:00,0.0
2025-05-31 23:30:00+00:00,0.0
2025-05-31 23:00:00+00:00,0.0
2025-05-31 22:30:00+00:00,0.0
2025-05-31 22:00:00+00:00,0.0
2025-05-31 21:30:00+00:00,0.0
2025-05-31 21:00:00+00:00,0.0
2025-05-31 20:30:00+00:00,2203.14
2025-05-31 20:00:00+00:00,107047.0
2025-05-31 19:30:00+00:00,424173.0
2025-05-31 19:00:00+00:00,902281.0
2025-05-31 18:30:00+00:00,1653450.0
2025-05-31 18:00:00+00:00,2411050.0
2025-05-31 17:30:00+00:00,3236550.0
2025-05-31 17:00:00+00:00,4190480.0
2025-05-31 16:30:00+00:00,5095740.0
2025-05-31 16:00:00+00:00,5445240.0
2025-05-31 15:30:00+00:00,6518000.0
2025-05-31 15:00:00+00:00,7524820.0
2025-05-31 14:30:00+00:00,8358700.0
2025-05-31 14:00:00+00:00,8886950.0
2025-05-31 13:30:00+00:00,9349190.0
2025-05-31 13:00:00+00:00,9154310.0
2025-05-31 12:30:00+00:00,9597620.0
2025-05-31 12:00:00+00:00,9520510.0
2025-05-31 11:30:00+00:00,9764710.0
2025-05-31 11:00:00+00:00,9135930.0
2025-05-31 10:30:00+00:00,8540050.0
2025-05-31 10:00:00+00:00,8086380.0
2025-05-31 09:30:00+00:00,7304550.0
2025-05-31 09:00:00+00:00,6387140.0
2025-05-31 08:30:00+00:00,5416900.0
2025-05-31 08:00:00+00:00,4471910.0
2025-05-31 07:30:00+00:00,3411380.0
2025-05-31 07:00:00+00:00,2472380.0
2025-05-31 06:30:00+00:00,1765050.0
2025-05-31 06:00:00+00:00,1230750.0
2025-05-31 05:30:00+00:00,675754.0
2025-05-31 05:00:00+00:00,315007.0
2025-05-31 04:30:00+00:00,54362.0
2025-05-31 04:00:00+00:00,0.64
2025-05-31 03:30:00+00:00,0.0
2025-05-31 03:00:00+00:00,0.0
2025-05-31 02:30:00+00:00,0.0
2025-05-31 02:00:00+00:00,0.0
2025-05-31 01:30:00+00:00,0.0
2025-05-31 01:00:00+00:00,0.0
2025-05-31 00:30:00+00:00,0.0
2025-05-31 00:00:00+00:00,0.0
2025-05-30 23:30:00+00:00,0.0
2025-05-30 23:00:00+00:00,0.0
2025-05-30 22:30:00+00:00,0.0
2025-05-30 22:00:00+00:00,0.0
2025-05-30 21:30:00+00:00,0.0
2025-05-30 21:00:00+00:00,0.0
2025-05-30 20:30:00+00:00,927.04
2025-05-30 20:00:00+00:00,107374.0
2025-05-30 19:30:00+00:00,451935.0
2025-05-30 19:00:00+00:00,973142.0
2025-05-30 18:30:00+00:00,1831310.0
2025-05-30 18:00:00+00:00,2578310.0
2025-05-30 17:30:00+00:00,3220780.0
2025-05-30 17:00:00+00:00,4112010.0
2025-05-30 16:30:00+00:00,4969740.0
2025-05-30 16:00:00+00:00,5951710.0
2025-05-30 15:30:00+00:00,6537730.0
2025-05-30 15:00:00+00:00,6870990.0
2025-05-30 14:30:00+00:00,7223380.0
2025-05-30 14:00:00+00:00,7568750.0
2025-05-30 13:30:00+00:00,7997390.0
2025-05-30 13:00:00+00:00,8376600.0
2025-05-30 12:30:00+00:00,8658840.0
2025-05-30 12:00:00+00:00,8333330.0
2025-05-30 11:30:00+00:00,7773740.0
2025-05-30 11:00:00+00:00,8438910.0
2025-05-30 10:30:00+00:00,8480640.0
2025-05-30 10:00:00+00:00,7905630.0
2025-05-30 09:30:00+00:00,7662370.0
2025-05-30 09:00:00+00:00,6761620.0
2025-05-30 08:30:00+00:00,5647000.0
2025-05-30 08:00:00+00:00,4708290.0
2025-05-30 07:30:00+00:00,3632630.0
2025-05-30 07:00:00+00:00,2772750.0
2025-05-30 06:30:00+00:00,1937550.0
2025-05-30 06:00:00+00:00,1229450.0
2025-05-30 05:30:00+00:00,672243.0
2025-05-30 05:00:00+00:00,265265.0
2025-05-30 04:30:00+00:00,37917.9
2025-05-30 04:00:00+00:00,1.03
2025-05-30 03:30:00+00:00,0.0
2025-05-30 03:00:00+00:00,0.0
2025-05-30 02:30:00+00:00,0.0
2025-05-30 02:00:00+00:00,0.0
2025-05-30 01:30:00+00:00,0.0
2025-05-30 01:00:00+00:00,0.0
2025-05-30 00:30:00+00:00,0.0
2025-05-30 00:00:00+00:00,0.0
2025-05-29 23:30:00+00:00,0.0
2025-05-29 23:00:00+00:00,0.0
2025-05-29 22:30:00+00:00,0.0
2025-05-29 22:00:00+00:00,0.0
2025-05-29 21:30:00+00:00,0.0
2025-05-29 21:00:00+00:00,0.0
2025-05-29 20:30:00+00:00,2240.73
2025-05-29 20:00:00+00:00,95353.8
2025-05-29 19:30:00+00:00,383542.0
2025-05-29 19:00:00+00:00,806532.0
2025-05-29 18:30:00+00:00,1342390.0
2025-05-29 18:00:00+00:00,2008990.0
2025-05-29 17:30:00+00:00,2799040.0
2025-05-29 17:00:00+00:00,3616110.0
2025-05-29 16:30:00+00:00,4423260.0
2025-05-29 16:00:00+00:00,5205970.0
2025-05-29 15:30:00+00:00,6080200.0
2025-05-29 15:00:00+00:00,6733690.0
2025-05-29 14:30:00+00:00,7511680.0
2025-05-29 14:00:00+00:00,7817770.0
2025-05-29 13:30:00+00:00,8018420.0
2025-05-29 13:00:00+00:00,8242140.0
2025-05-29 12:30:00+00:00,8104010.0
2025-05-29 12:00:00+00:00,7964760.0
2025-05-29 11:30:00+00:00,7831170.0
2025-05-29 11:00:00+00:00,7495910.0
2025-05-29 10:30:00+00:00,7072670.0
2025-05-29 10:00:00+00:00,6391270.0
2025-05-29 09:30:00+00:00,5518530.0
2025-05-29 09:00:00+00:00,4574140.0
2025-05-29 08:30:00+00:00,3699640.0
2025-05-29 08:00:00+00:00,2900250.0
2025-05-29 07:30:00+00:00,2178330.0
2025-05-29 07:00:00+00:00,1472130.0
2025-05-29 06:30:00+00:00,883120.0
2025-05-29 06:00:00+00:00,505622.0
2025-05-29 05:30:00+00:00,231593.0
2025-05-29 05:00:00+00:00,77118.5
2025-05-29 04:30:00+00:00,6770.93
2025-05-29 04:00:00+00:00,0.33
2025-05-29 03:30:00+00:00,0.0
2025-05-29 03:00:00+00:00,0.0
2025-05-29 02:30:00+00:00,0.0
2025-05-29 02:00:00+00:00,0.0
2025-05-29 01:30:00+00:00,0.0
2025-05-29 01:00:00+00:00,0.0
2025-05-29 00:30:00+00:00,0.0
2025-05-29 00:00:00+00:00,0.0
2025-05-28 23:30:00+00:00,0.0
2025-05-28 23:00:00+00:00,0.0
2025-05-28 22:30:00+00:00,0.0
2025-05-28 22:00:00+00:00,0.0
2025-05-28 21:30:00+00:00,0.0
2025-05-28 21:00:00+00:00,0.0
2025-05-28 20:30:00+00:00,65.93
2025-05-28 20:00:00+00:00,49745.7
2025-05-28 19:30:00+00:00,333336.0
2025-05-28 19:00:00+00:00,940725.0
2025-05-28 18:30:00+00:00,1883570.0
2025-05-28 18:00:00+00:00,2862700.0
2025-05-28 17:30:00+00:00,3837030.0
2025-05-28 17:00:00+00:00,4907160.0
2025-05-28 16:30:00+00:00,5936600.0
2025-05-28 16:00:00+00:00,6855290.0
2025-05-28 15:30:00+00:00,7592920.0
2025-05-28 15:00:00+00:00,8305210.0
2025-05-28 14:30:00+00:00,8838280.0
2025-05-28 14:00:00+00:00,8976020.0
2025-05-28 13:30:00+00:00,8304120.0
2025-05-28 13:00:00+00:00,8357070.0
2025-05-28 12:30:00+00:00,8341190.0
2025-05-28 12:00:00+00:00,8679900.0
2025-05-28 11:30:00+00:00,8272350.0
2025-05-28 11:00:00+00:00,8200320.0
2025-05-28 10:30:00+00:00,7776920.0
2025-05-28 10:00:00+00:00,6840890.0
2025-05-28 09:30:00+00:00,6752630.0
2025-05-28 09:00:00+00:00,6421800.0
2025-05-28 08:30:00+00:00,5167170.0
2025-05-28 08:00:00+00:00,4508060.0
2025-05-28 07:30:00+00:00,3684570.0
2025-05-28 07:00:00+00:00,2762640.0
2025-05-28 06:30:00+00:00,1962570.0
2025-05-28 06:00:00+00:00,1296600.0
2025-05-28 05:30:00+00:00,733817.0
2025-05-28 05:00:00+00:00,237678.0
2025-05-28 04:30:00+00:00,28929.9
2025-05-28 04:00:00+00:00,0.38
2025-05-28 03:30:00+00:00,0.0
2025-05-28 03:00:00+00:00,0.0
2025-05-28 02:30:00+00:00,0.0
2025-05-28 02:00:00+00:00,0.0
2025-05-28 01:30:00+00:00,0.0
2025-05-28 01:00:00+00:00,0.0
2025-05-28 00:30:00+00:00,0.0
2025-05-28 00:00:00+00:00,0.0
2025-05-27 23:30:00+00:00,0.0
2025-05-27 23:00:00+00:00,0.0
2025-05-27 22:30:00+00:00,0.0
2025-05-27 22:00:00+00:00,0.0
2025-05-27 21:30:00+00:00,0.0
2025-05-27 21:00:00+00:00,0.0
2025-05-27 20:30:00+00:00,99.66
2025-05-27 20:00:00+00:00,40651.8
2025-05-27 19:30:00+00:00,197836.0
2025-05-27 19:00:00+00:00,421272.0
2025-05-27 18:30:00+00:00,753046.0
2025-05-27 18:00:00+00:00,1107240.0
2025-05-27 17:30:00+00:00,1317330.0
2025-05-27 17:00:00+00:00,1493250.0
2025-05-27 16:30:00+00:00,2200600.0
2025-05-27 16:00:00+00:00,2410700.0
2025-05-27 15:30:00+00:00,2776310.0
2025-05-27 15:00:00+00:00,2806960.0
2025-05-27 14:30:00+00:00,2946870.0
2025-05-27 14:00:00+00:00,2828820.0
2025-05-27 13:30:00+00:00,2849520.0
2025-05-27 13:00:00+00:00,3009240.0
2025-05-27 12:30:00+00:00,2911820.0
2025-05-27 12:00:00+00:00,2598200.0
2025-05-27 11:30:00+00:00,2986730.0
2025-05-27 11:00:00+00:00,3163810.0
2025-05-27 10:30:00+00:00,3508830.0
2025-05-27 10:00:00+00:00,3930350.0
2025-05-27 09:30:00+00:00,3934510.0
2025-05-27 09:00:00+00:00,3813910.0
2025-05-27 08:30:00+00:00,3936300.0
2025-05-27 08:00:00+00:00,3778780.0
2025-05-27 07:30:00+00:00,3539400.0
2025-05-27 07:00:00+00:00,2955550.0
2025-05-27 06:30:00+00:00,2190330.0
2025-05-27 06:00:00+00:00,1402350.0
2025-05-27 05:30:00+00:00,757501.0
2025-05-27 05:00:00+00:00,267524.0
2025-05-27 04:30:00+00:00,23497.4
2025-05-27 04:00:00+00:00,0.5
2025-05-27 03:30:00+00:00,0.0
2025-05-27 03:00:00+00:00,0.0
2025-05-27 02:30:00+00:00,0.0
2025-05-27 02:00:00+00:00,0.0
2025-05-27 01:30:00+00:00,0.0
2025-05-27 01:00:00+00:00,0.0
2025-05-27 00:30:00+00:00,0.0
2025-05-27 00:00:00+00:00,0.0
2025-05-26 23:30:00+00:00,0.0
2025-05-26 23:00:00+00:00,0.0
2025-05-26 22:30:00+00:00,0.0
2025-05-26 22:00:00+00:00,0.0
2025-05-26 21:30:00+00:00,0.0
2025-05-26 21:00:00+00:00,0.0
2025-05-26 20:30:00+00:00,1.12
2025-05-26 20:00:00+00:00,11869.8
2025-05-26 19:30:00+00:00,114313.0
2025-05-26 19:00:00+00:00,309788.0
2025-05-26 18:30:00+00:00,582163.0
2025-05-26 18:00:00+00:00,994784.0
2025-05-26 17:30:00+00:00,1372190.0
2025-05-26 17:00:00+00:00,1686630.0
2025-05-26 16:30:00+00:00,2291030.0
2025-05-26 16:00:00+00:00,2817580.0
2025-05-26 15:30:00+00:00,3213260.0
2025-05-26 15:00:00+00:00,4315260.0
2025-05-26 14:30:00+00:00,5376390.0
2025-05-26 14:00:00+00:00,5737580.0
2025-05-26 13:30:00+00:00,6153540.0
2025-05-26 13:00:00+00:00,6777530.0
2025-05-26 12:30:00+00:00,7223000.0
2025-05-26 12:00:00+00:00,7040350.0
2025-05-26 11:30:00+00:00,6969890.0
2025-05-26 11:00:00+00:00,6557290.0
2025-05-26 10:30:00+00:00,7340700.0
2025-05-26 10:00:00+00:00,6961420.0
2025-05-26 09:30:00+00:00,6514330.0
2025-05-26 09:00:00+00:00,6399360.0
2025-05-26 08:30:00+00:00,6020690.0
2025-05-26 08:00:00+00:00,5394340.0
2025-05-26 07:30:00+00:00,4605320.0
2025-05-26 07:00:00+00:00,3534190.0
2025-05-26 06:30:00+00:00,2530840.0
2025-05-26 06:00:00+00:00,1734780.0
2025-05-26 05:30:00+00:00,971894.0
2025-05-26 05:00:00+00:00,384589.0
2025-05-26 04:30:00+00:00,75389.6
2025-05-26 04:00:00+00:00,0.45
2025-05-26 03:30:00+00:00,0.0
2025-05-26 03:00:00+00:00,0.0
2025-05-26 02:30:00+00:00,0.0
2025-05-26 02:00:00+00:00,0.0
2025-05-26 01:30:00+00:00,0.0
2025-05-26 01:00:00+00:00,0.0
2025-05-26 00:30:00+00:00,0.0
2025-05-26 00:00:00+00:00,0.0
2025-05-25 23:30:00+00:00,0.0
2025-05-25 23:00:00+00:00,0.0
2025-05-25 22:30:00+00:00,0.0
2025-05-25 22:00:00+00:00,0.0
2025-05-25 21:30:00+00:00,0.0
2025-05-25 21:00:00+00:00,0.0
2025-05-25 20:30:00+00:00,3.09
2025-05-25 20:00:00+00:00,71451.4
2025-05-25 19:30:00+00:00,395242.0
2025-05-25 19:00:00+00:00,991712.0
2025-05-25 18:30:00+00:00,1702160.0
2025-05-25 18:00:00+00:00,2389350.0
2025-05-25 17:30:00+00:00,3238000.0
2025-05-25 17:00:00+00:00,4111620.0
2025-05-25 16:30:00+00:00,5308480.0
2025-05-25 16:00:00+00:00,6080380.0
2025-05-25 15:30:00+00:00,7350600.0
2025-05-25 15:00:00+00:00,8473100.0
2025-05-25 14:30:00+00:00,9115970.0
2025-05-25 14:00:00+00:00,9955500.0
2025-05-25 13:30:00+00:00,10518700.0
2025-05-25 13:00:00+00:00,11191600.0
2025-05-25 12:30:00+00:00,10628500.0
2025-05-25 12:00:00+00:00,10787400.0
2025-05-25 11:30:00+00:00,10093600.0
2025-05-25 11:00:00+00:00,9630780.0
2025-05-25 10:30:00+00:00,9202440.0
2025-05-25 10:00:00+00:00,8507260.0
2025-05-25 09:30:00+00:00,7741200.0
2025-05-25 09:00:00+00:00,6648010.0
2025-05-25 08:30:00+00:00,5018040.0
2025-05-25 08:00:00+00:00,4700470.0
2025-05-25 07:30:00+00:00,4076380.0
2025-05-25 07:00:00+00:00,2946650.0
2025-05-25 06:30:00+00:00,2052080.0
2025-05-25 06:00:00+00:00,1261460.0
2025-05-25 05:30:00+00:00,665599.0
2025-05-25 05:00:00+00:00,202583.0
2025-05-25 04:30:00+00:00,21066.3
2025-05-25 04:00:00+00:00,0.0
2025-05-25 03:30:00+00:00,0.0
2025-05-25 03:00:00+00:00,0.0
2025-05-25 02:30:00+00:00,0.0
2025-05-25 02:00:00+00:00,0.0
2025-05-25 01:30:00+00:00,0.0
2025-05-25 01:00:00+00:00,0.0
2025-05-25 00:30:00+00:00,0.0
2025-05-25 00:00:00+00:00,0.0
2025-05-24 23:30:00+00:00,0.0
2025-05-24 23:00:00+00:00,0.0
2025-05-24 22:30:00+00:00,0.0
2025-05-24 22:00:00+00:00,0.0
2025-05-24 21:30:00+00:00,0.0
2025-05-24 21:00:00+00:00,0.0
2025-05-24 20:30:00+00:00,0.29
2025-05-24 20:00:00+00:00,7347.53
2025-05-24 19:30:00+00:00,100292.0
2025-05-24 19:00:00+00:00,314302.0
2025-05-24 18:30:00+00:00,612905.0
2025-05-24 18:00:00+00:00,1016640.0
2025-05-24 17:30:00+00:00,1509160.0
2025-05-24 17:00:00+00:00,2108910.0
2025-05-24 16:30:00+00:00,2711590.0
2025-05-24 16:00:00+00:00,3189000.0
2025-05-24 15:30:00+00:00,3898310.0
2025-05-24 15:00:00+00:00,4508660.0
2025-05-24 14:30:00+00:00,4466500.0
2025-05-24 14:00:00+00:00,4506220.0
2025-05-24 13:30:00+00:00,5157520.0
2025-05-24 13:00:00+00:00,4883050.0
2025-05-24 12:30:00+00:00,4800480.0
2025-05-24 12:00:00+00:00,4574470.0
2025-05-24 11:30:00+00:00,4566920.0
2025-05-24 11:00:00+00:00,4214330.0
2025-05-24 10:30:00+00:00,3849600.0
2025-05-24 10:00:00+00:00,4140390.0
2025-05-24 09:30:00+00:00,3663780.0
2025-05-24 09:00:00+00:00,3138520.0
2025-05-24 08:30:00+00:00,2788330.0
2025-05-24 08:00:00+00:00,2249060.0
2025-05-24 07:30:00+00:00,1378380.0
2025-05-24 07:00:00+00:00,1008050.0
2025-05-24 06:30:00+00:00,683022.0
2025-05-24 06:00:00+00:00,360927.0
2025-05-24 05:30:00+00:00,149673.0
2025-05-24 05:00:00+00:00,32736.8
2025-05-24 04:30:00+00:00,429.16
2025-05-24 04:00:00+00:00,0.0
2025-05-24 03:30:00+00:00,0.0
2025-05-24 03:00:00+00:00,0.0
2025-05-24 02:30:00+00:00,0.0
2025-05-24 02:00:00+00:00,0.0
2025-05-24 01:30:00+00:00,0.0
2025-05-24 01:00:00+00:00,0.0
2025-05-24 00:30:00+00:00,0.0
2025-05-24 00:00:00+00:00,0.0
2025-05-23 23:30:00+00:00,0.0
2025-05-23 23:00:00+00:00,0.0
2025-05-23 22:30:00+00:00,0.0
2025-05-23 22:00:00+00:00,0.0
2025-05-23 21:30:00+00:00,0.0
2025-05-23 21:00:00+00:00,0.0
2025-05-23 20:30:00+00:00,0.19
2025-05-23 20:00:00+00:00,14288.6
2025-05-23 19:30:00+00:00,213838.0
2025-05-23 19:00:00+00:00,669593.0
2025-05-23 18:30:00+00:00,1322160.0
2025-05-23 18:00:00+00:00,2174170.0
2025-05-23 17:30:00+00:00,3324200.0
2025-05-23 17:00:00+00:00,4340860.0
2025-05-23 16:30:00+00:00,5374970.0
2025-05-23 16:00:00+00:00,6489580.0
2025-05-23 15:30:00+00:00,7482720.0
2025-05-23 15:00:00+00:00,8590240.0
2025-05-23 14:30:00+00:00,9502520.0
2025-05-23 14:00:00+00:00,9728760.0
2025-05-23 13:30:00+00:00,10237400.0
2025-05-23 13:00:00+00:00,10545300.0
2025-05-23 12:30:00+00:00,10376000.0
2025-05-23 12:00:00+00:00,10326300.0
2025-05-23 11:30:00+00:00,10544400.0
2025-05-23 11:00:00+00:00,10924900.0
2025-05-23 10:30:00+00:00,10884000.0
2025-05-23 10:00:00+00:00,10511000.0
2025-05-23 09:30:00+00:00,9841090.0
2025-05-23 09:00:00+00:00,8885710.0
2025-05-23 08:30:00+00:00,7707420.0
2025-05-23 08:00:00+00:00,6419560.0
2025-05-23 07:30:00+00:00,5176800.0
2025-05-23 07:00:00+00:00,3946680.0
2025-05-23 06:30:00+00:00,2835490.0
2025-05-23 06:00:00+00:00,1833250.0
2025-05-23 05:30:00+00:00,992353.0
2025-05-23 05:00:00+00:00,348969.0
2025-05-23 04:30:00+00:00,29521.5
2025-05-23 04:00:00+00:00,0.0
2025-05-23 03:30:00+00:00,0.0
2025-05-23 03:00:00+00:00,0.0
2025-05-23 02:30:00+00:00,0.0
2025-05-23 02:00:00+00:00,0.0
2025-05-23 01:30:00+00:00,0.0
2025-05-23 01:00:00+00:00,0.0
2025-05-23 00:30:00+00:00,0.0
2025-05-23 00:00:00+00:00,0.0
